block,kind,sheet,title,scale,insert scale
TB-A3-NRW,title block,-,OFFICE A3 TITLE BLOCK,1:1,1
DET-1121-1,detail,1121,SLAB ON BEAMS - SECTION ALONG THE SHORT SPAN,N.T.S.,1/25.0
VT-1121-1,view title,1121,SLAB ON BEAMS - SECTION ALONG THE SHORT SPAN,-,1
DET-1121-2,detail,1121,TWO-WAY SLAB - CORNER PANEL,N.T.S.,1/25.0
VT-1121-2,view title,1121,TWO-WAY SLAB - CORNER PANEL,-,1
NOTES-1121-1,paper,1121,,-,1
KEY-1121-1,paper,1121,,-,1
DET-1122-1,detail,1122,FLAT SLAB - STRIPS AND COLUMN ZONE,N.T.S.,1/25.0
VT-1122-1,view title,1122,FLAT SLAB - STRIPS AND COLUMN ZONE,-,1
DET-1122-2,detail,1122,DROP PANEL AND COLUMN CAPITAL,N.T.S.,1/25.0
VT-1122-2,view title,1122,DROP PANEL AND COLUMN CAPITAL,-,1
DET-1123-1,detail,1123,PUNCHING SHEAR - STIRRUPS,N.T.S.,1/25.0
VT-1123-1,view title,1123,PUNCHING SHEAR - STIRRUPS,-,1
DET-1123-A,detail,1123,SECTION,N.T.S.,1/25.0
VT-1123-A,view title,1123,SECTION,-,1
DET-1123-2,detail,1123,PUNCHING SHEAR - HEADED STUD RAILS,N.T.S.,1/25.0
VT-1123-2,view title,1123,PUNCHING SHEAR - HEADED STUD RAILS,-,1
DET-1123-B,detail,1123,SECTION,N.T.S.,1/25.0
VT-1123-B,view title,1123,SECTION,-,1
TBL-1123-1,paper,1123,,-,1
DET-1124-1,detail,1124,OPENING < 600 mm,N.T.S.,1/25.0
VT-1124-1,view title,1124,OPENING < 600 mm,-,1
DET-1124-2,detail,1124,OPENING ≥ 600 mm,N.T.S.,1/25.0
VT-1124-2,view title,1124,OPENING ≥ 600 mm,-,1
DET-1124-3,detail,1124,OPENINGS IN FLAT SLABS,N.T.S.,1/25.0
VT-1124-3,view title,1124,OPENINGS IN FLAT SLABS,-,1
TBL-1124-1,paper,1124,,-,1
NOTES-1124-1,paper,1124,,-,1
KEY-1124-1,paper,1124,,-,1
DET-1125-1,detail,1125,"SLAB STEP, H < t",N.T.S.,1/25.0
VT-1125-1,view title,1125,"SLAB STEP, H < t",-,1
DET-1125-2,detail,1125,"SLAB STEP, H > t",N.T.S.,1/25.0
VT-1125-2,view title,1125,"SLAB STEP, H > t",-,1
DET-1125-5,detail,1125,CANTILEVER SLAB,N.T.S.,1/25.0
VT-1125-5,view title,1125,CANTILEVER SLAB,-,1
KEY-1125-1,paper,1125,,-,1
DET-1125-3,detail,1125,UPSTAND ≤ 100 × 300 mm,N.T.S.,1/25.0
VT-1125-3,view title,1125,UPSTAND ≤ 100 × 300 mm,-,1
DET-1125-4,detail,1125,UPSTAND > 100 mm OR > 300 mm,N.T.S.,1/25.0
VT-1125-4,view title,1125,UPSTAND > 100 mm OR > 300 mm,-,1
DET-1126-1,detail,1126,SLAB AT A GROUND BEAM,N.T.S.,1/10
VT-1126-1,view title,1126,SLAB AT A GROUND BEAM,-,1
DET-1126-2,detail,1126,THICKENED FREE EDGE,N.T.S.,1/10
VT-1126-2,view title,1126,THICKENED FREE EDGE,-,1
DET-1126-3,detail,1126,JOINT LAYOUT,N.T.S.,1/25.0
VT-1126-3,view title,1126,JOINT LAYOUT,-,1
TBL-1126-1,paper,1126,,-,1
NOTES-1126-1,paper,1126,,-,1
DET-1126-4,detail,1126,SLAB ON LEAN CONCRETE,N.T.S.,1/10
VT-1126-4,view title,1126,SLAB ON LEAN CONCRETE,-,1
DET-1127-1,detail,1127,"SAWN JOINT (SJ, SJD)",N.T.S.,1/10
VT-1127-1,view title,1127,"SAWN JOINT (SJ, SJD)",-,1
DET-1127-2,detail,1127,CONSTRUCTION JOINT (CJ),N.T.S.,1/10
VT-1127-2,view title,1127,CONSTRUCTION JOINT (CJ),-,1
DET-1127-3,detail,1127,CONSTRUCTION JOINT AT AN EXISTING SLAB (CJ),N.T.S.,1/10
VT-1127-3,view title,1127,CONSTRUCTION JOINT AT AN EXISTING SLAB (CJ),-,1
DET-1127-4,detail,1127,EXPANSION JOINT (EJ),N.T.S.,1/10
VT-1127-4,view title,1127,EXPANSION JOINT (EJ),-,1
DET-1127-A,detail,1127,DETAIL A - SEALED JOINT,N.T.S.,1/2
VT-1127-A,view title,1127,DETAIL A - SEALED JOINT,-,1
DET-1127-B,detail,1127,DETAIL B - FILLED JOINT,N.T.S.,1/2
VT-1127-B,view title,1127,DETAIL B - FILLED JOINT,-,1
DET-1127-C,detail,1127,DETAIL C - EXPANSION JOINT SEAL,N.T.S.,1/2
VT-1127-C,view title,1127,DETAIL C - EXPANSION JOINT SEAL,-,1
TBL-1128-1,paper,1128,,-,1
DET-1128-1,detail,1128,SLAB ON COMPACTED FILL,N.T.S.,1/10
VT-1128-1,view title,1128,SLAB ON COMPACTED FILL,-,1
NOTES-1128-1,paper,1128,,-,1
TBL-1128-2,paper,1128,,-,1
